{
  "wordsJs1": "JavaScript",
  "wordsJs2": "Methodos",
  "wordsJs3": "Funciones",
  "wordsJs4": "Variables",
  "wordsJs5": "Obejtos",
  "wordsJs6": "Arreglos",
  "wordsJs7": "Splice",
  "wordsJs8": "Remove",
  "wordsJs9": "Console",
  "wordsJs10": "Const",
  "wordsJs11": "Break",
  "wordsJs12": "Case",
  "wordsJs13": "Class",
  "wordsJs14": "Id",
  "wordsJs15": "Catch",
  "wordsJs16": "Return",
  "wordsJs17": "Continue",
  "wordsJs18": "Debugger",
  "wordsJs19": "Delete",
  "wordsJs20": "Default",
  "wordsJs21": "Do",
  "wordsJs22": "Else",
  "wordsJs23": "Export",
  "wordsJs24": "Extends",
  "wordsJs25": "Finally",
  "wordsJs26": "If",
  "wordsJs27": "For",
  "wordsJs28": "import",
  "wordsJs29": "In",
  "wordsJs30": "Undefine",
  "wordsJs31": "New",
  "wordsJs32": "Switch",
  "wordsJs33": "This",
  "wordsJs34": "Map",
  "wordsJs35": "ForEach",
  "wordsJs36": "Try",
  "wordsJs37": "Typeof",
  "wordsJs38": "While",
  "wordsJs39": "void",
  "wordsJs40": "LocalStorage",
  "wordsJs41": "Boolean",
  "wordsJs42": "True",
  "wordsJs43": "False",
  "wordsJs44": "Null",
  "wordsJs45": "Get",
  "wordsJs46": "Set",
  "wordsJs47": "ParseInt",
  "wordsJs48": "ParseFloat",
  "wordsJs49": "Into",
  "wordsJs50": "Length",
  "wordsJs51": "Number",
  "wordsJs52": "String",
  "wordsJs53": "Split",
  "wordsJs54": "QuerySelector",
  "wordsJs55": "QuerySelectorAll",
  "wordsJs56": "Document",
  "wordsJs57": "ElementsByClassName",
  "wordsJs58": "ElementById",
  "wordsJs59": "Toggle",
  "wordsJs60": "ClassList",
  "wordsJs61": "CreateElement",
  "wordsJs62": "CreateTextNodo",
  "wordsJs63": "JSON",
  "wordsJs64": "Append",
  "wordsJs65": "AppendChild",
  "wordsJs66": "Value",
  "wordsJs67": "Parent",
  "wordsJs68": "IsNaN",
  "wordsJs69": "AddEventListener",
  "wordsJs70": "Keydown",
  "wordsJs71": "Keyup",
  "wordsJs72": "Target",
  "wordsJs73": "Math.ramdon",
  "wordsJs74": "Math.floor",
  "wordsJs75": "Push",
  "wordsJs76": "Pop",
  "wordsJs77": "SetItem",
  "wordsJs78": "GetItem",
  "wordsJs79": "Stringify",
  "wordsJs80": "InnerHTML",
  "wordsJs81": "InnerText",
  "wordsJs82": "Replace"
}
    
