{
  "wordsEnglis1": "Can you give me the toy?",
  "wordsEnglis2": "do you want to play?",
  "wordsEnglis3": "what do you want to play?",
  "wordsEnglis4": "is that your doll?",
  "wordsEnglis5": "pass me the baby",
  "wordsEnglis6": "thank you for giving me the toy",
  "wordsEnglis7": "what color is the toy?",
  "wordsEnglis8": "you need to share",
  "wordsEnglis9": "what is it?",
  "wordsEnglis10": "stop! no cheating",
  "wordsEnglis11": "follow the rules of the game",
  "wordsEnglis12": "good job! you did it!",
  "wordsEnglis13": "come back, let’s start again",
  "wordsEnglis14": "no peaking, ok",
  "wordsEnglis15": "we won the championship",
  "wordsEnglis16": "I lost the match",
  "wordsEnglis17":"we tied the game",
  "wordsEnglis18":"let’s have a race",
  "wordsEnglis19":" let’s go celebrate",
  "wordsEnglis20":"good game",
  "wordsEnglis21":"you have a game today",
  "wordsEnglis22":"put on your uniform",
  "wordsEnglis23":"pass me the ball",
  "wordsEnglis24":"throw me the ball",
  "wordsEnglis25":"kick the ball",
  "wordsEnglis26":"Do you want to play in the sand?",
  "wordsEnglis27":"I’m open",
  "wordsEnglis28":"dribble the ball",
  "wordsEnglis29":" After you.",
  "wordsEnglis30":"Ages ago",
  "wordsEnglis31":"Alright then!",
  "wordsEnglis32":"Are you alright?",
  "wordsEnglis33":" Check it out!",
  "wordsEnglis34":" I’m only joking.",
  "wordsEnglis35":" I’m off!",
  "wordsEnglis36":"play an instrument",
  "wordsEnglis37":"verbs",
  "wordsEnglis38":"Very good",
  "wordsEnglis39":"Yes",
  "wordsEnglis40":"Money",
  "wordsEnglis41":"Bank",
  "wordsEnglis42":"Can you traslate this for me",
  "wordsEnglis43":"Just a moment",
  "wordsEnglis44":"Let me check",
  "wordsEnglis45":"Don't worry",
  "wordsEnglis46":"Everyone knows it",
  "wordsEnglis47":"Exellent",
  "wordsEnglis48":"Good idea",
  "wordsEnglis49":"Help",
  "wordsEnglis50":"Next time",
  "wordsEnglis51":"I'm an american",
  "wordsEnglis52":"mom is sick",
  "wordsEnglis53":"I need to go home",
  "wordsEnglis54":"I love you",
  "wordsEnglis55":"Stop",
  "wordsEnglis56":"What are we going to do next month?",
  "wordsEnglis57":"What day was yesterday",
  "wordsEnglis58":"we have to catch the train",
  "wordsEnglis59":"let's go on a trip",
  "wordsEnglis60":"I was at work",
  "wordsEnglis61":"You're crying?",
  "wordsEnglis62":"Dance with Me",
  "wordsEnglis63":"Sunday",
  "wordsEnglis64":"Wednesday",
  "wordsEnglis65":"Monday",
  "wordsEnglis66":"January",
  "wordsEnglis67":"Dicember",
  "wordsEnglis68":"June",
  "wordsEnglis69":"See you tomorrow",
  "wordsEnglis70":"See you later",
  "wordsEnglis71":"I don't speak very well",
  "wordsEnglis72":"I don't like hime",
  "wordsEnglis73":"I can,t hear you",
  "wordsEnglis74":"He's very funny",
  "wordsEnglis75":"How are you",
  "wordsEnglis76":"I eat already",
  "wordsEnglis77":"Run",
  "wordsEnglis78":"I don't like it"
}
